married_Yes,education_Not Graduate,self_employed_Yes,property_area_Semiurban,property_area_Urban,log_total_income,log_loan_amount,term_years,coapplicant_income_share,payment_income_ratio,dependents_numeric,credit_history,has_coapplicant_income,approved,dataset_split
0.0,0.0,0.0,0.0,1.0,-1.0871032909794651,-1.8964388551754523,0.280691388261675,-0.9471421222756509,-0.4085258870727947,0.0,1.0,0.0,1,train
1.0,0.0,0.0,1.0,0.0,-1.0528973981533813,-0.5962729655604662,0.280691388261675,-0.9471421222756509,0.031646119245810775,1.0,1.0,0.0,1,train
1.0,0.0,0.0,0.0,0.0,-0.2776082704408669,0.2987745528819101,0.280691388261675,0.49684765568137773,0.055727603962971016,2.0,0.0,1.0,0,train
1.0,1.0,0.0,0.0,0.0,-0.6378044505868821,-0.26968207135020994,-2.486767881547207,0.593099000962886,0.8560382838007287,1.0,0.0,1.0,0,train
1.0,0.0,0.0,1.0,0.0,-0.3547000373240389,0.2987745528819101,0.280691388261675,1.0102794949632283,0.096837329390402,0.0,1.0,1.0,1,train
1.0,1.0,1.0,1.0,0.0,-0.8258096789203918,-0.5755303063106267,0.280691388261675,1.1850650059942305,-0.06849533261504497,2.0,1.0,1.0,1,train
1.0,0.0,0.0,1.0,0.0,0.16337263740807825,-1.6714970708113455,-2.486767881547207,1.323312849722452,-0.34082860021878036,0.0,1.0,1.0,1,train
1.0,0.0,0.0,0.0,0.0,-0.4814252413967862,-1.601752519803333,0.280691388261675,1.0695173956367607,-0.4906659674534735,0.0,1.0,1.0,1,train
0.0,0.0,1.0,0.0,0.0,0.4363809043935128,0.8159399567950343,0.280691388261675,-0.9471421222756509,-0.06185408011467953,0.0,1.0,0.0,0,train
1.0,0.0,0.0,1.0,0.0,1.0187869534218108,1.3663902128145275,0.280691388261675,1.4027138919324371,-0.09719319491680933,0.0,1.0,1.0,1,train
0.0,0.0,0.0,1.0,0.0,3.4265256478924218,0.32538535191889467,0.280691388261675,-0.9471421222756509,-0.7755925935859492,1.0,1.0,0.0,1,train
1.0,0.0,0.0,0.0,1.0,1.5540541754184303,-0.019686251591508733,0.280691388261675,-0.9471421222756509,-0.6024360908535827,0.0,1.0,0.0,1,train
0.0,0.0,0.0,0.0,1.0,-0.5163845236493814,-0.7254056428312404,0.280691388261675,0.5525166334056001,-0.249119787324538,1.0,1.0,1.0,1,train
0.0,0.0,0.0,0.0,1.0,0.6814880383479729,0.6200716872910129,0.280691388261675,1.435912903437746,-0.2356061362080533,0.0,1.0,1.0,0,train
1.0,0.0,0.0,0.0,0.0,-0.3282677490035934,-0.06727413067332899,0.280691388261675,1.0752648017499233,-0.08222365359257981,2.0,1.0,1.0,1,train
1.0,0.0,0.0,1.0,0.0,0.6264965245091626,1.4438859601068383,0.280691388261675,0.2158799476897388,0.13403243322052666,0.0,1.0,1.0,0,train
0.0,0.0,0.0,0.0,1.0,1.2183523033603603,0.7094737151407231,0.280691388261675,1.7556028486852924,-0.3823395076057848,0.0,1.0,1.0,1,train
0.0,1.0,0.0,0.0,0.0,0.40944914698031387,-0.14916351764279945,0.280691388261675,-0.9471421222756509,-0.3761878520142399,0.0,1.0,0.0,0,train
1.0,0.0,0.0,0.0,1.0,0.08357903242724286,0.42845945666931523,0.280691388261675,0.3098328481985531,-0.06282867637618639,3.0,0.0,1.0,1,train
1.0,1.0,0.0,0.0,1.0,0.4634125855995402,0.05722003183934124,-2.486767881547207,0.8956315128838307,0.2346045756563446,2.0,1.0,1.0,1,train
1.0,0.0,0.0,1.0,0.0,1.2779406684885155,1.6255512415338818,0.280691388261675,1.8655566426761072,-0.10689310052333958,3.0,1.0,1.0,0,train
1.0,1.0,1.0,0.0,1.0,-0.41186609880870967,-0.5962729655604662,0.280691388261675,-0.9471421222756509,-0.2439797705782517,0.0,1.0,0.0,1,train
1.0,0.0,0.0,0.0,0.0,-0.8685402095584358,-0.4946238557143177,0.280691388261675,0.9371610112772628,-0.013485521873752201,2.0,1.0,1.0,1,train
1.0,0.0,1.0,0.0,0.0,0.9808639746424391,0.3646563246339822,0.280691388261675,-0.9471421222756509,-0.4041772545741008,1.0,1.0,0.0,0,train
1.0,1.0,0.0,0.0,1.0,-0.45633754175372604,0.08718193611360721,0.280691388261675,0.06057348755035016,0.04775275550567949,1.0,1.0,1.0,1,train
1.0,0.0,0.0,0.0,0.0,0.5017977157694322,0.6086133475858632,0.280691388261675,0.23760176066963729,-0.17110622401974757,0.0,1.0,1.0,0,train
1.0,0.0,0.0,0.0,1.0,1.0412072624133277,1.8860253797882374,0.280691388261675,0.806826772555859,0.12805174578447087,1.0,1.0,1.0,1,train
1.0,0.0,1.0,0.0,0.0,-0.039782708032738076,0.2167744742757309,-3.962746158778611,-0.9471421222756509,2.5717533476775625,2.0,1.0,0.0,1,train
1.0,0.0,0.0,0.0,0.0,0.53705696873886,0.04207096064570286,-2.486767881547207,1.367655080727101,0.18165980259437778,0.0,0.0,1.0,0,train
1.0,0.0,0.0,1.0,0.0,0.3672708303002924,0.6652666752855875,-0.6417950350079523,1.432885368467903,0.069818564360317,3.0,0.0,1.0,0,train
0.0,0.0,0.0,0.0,1.0,-1.5725520407593225,-1.3146330633475283,0.280691388261675,-0.9471421222756509,-0.038273166007798815,0.0,1.0,0.0,1,train
0.0,0.0,0.0,0.0,1.0,-1.2398560482910184,-1.534333225214702,0.280691388261675,-0.9471421222756509,-0.25738207196860896,0.0,1.0,0.0,1,train
0.0,0.0,0.0,1.0,0.0,-0.7792526623295415,-0.30547754647861824,0.280691388261675,-0.9471421222756509,0.02846885514468659,0.0,1.0,0.0,1,train
0.0,0.0,0.0,0.0,1.0,-0.9097134531676756,-0.5962729655604662,0.280691388261675,-0.9471421222756509,-0.03849367780912751,0.0,1.0,0.0,0,train
1.0,1.0,0.0,0.0,1.0,0.17710198939174052,0.7312200703460783,0.280691388261675,-0.20100157089160514,0.025671082186846515,1.0,1.0,1.0,1,train
1.0,0.0,0.0,1.0,0.0,0.019829526924388993,0.05722003183934124,0.280691388261675,-0.9471421222756509,-0.18044356270745357,2.0,1.0,0.0,1,train
0.0,0.0,0.0,1.0,0.0,-0.6320479537486418,-0.21714946719394093,0.280691388261675,-0.9471421222756509,-0.004452776972037622,0.0,0.0,0.0,0,train
1.0,0.0,0.0,1.0,0.0,-0.5313931516107218,-0.03542478664660795,0.280691388261675,-0.9471421222756509,0.0285492218478331,2.0,0.0,0.0,0,train
0.0,0.0,0.0,0.0,0.0,0.03989329698800286,0.16020039234110842,0.280691388261675,-0.9471421222756509,-0.150526927691856,0.0,1.0,0.0,1,train
0.0,0.0,0.0,0.0,0.0,0.3183066545020523,-1.3146330633475283,0.280691388261675,2.146528802048868,-0.5952170984378437,0.0,1.0,1.0,0,train
1.0,0.0,1.0,0.0,1.0,-0.6968387677054932,-0.323615708848252,0.280691388261675,2.2570000665018632,-0.020477361574506057,1.0,1.0,1.0,0,train
1.0,0.0,0.0,0.0,0.0,-0.08259108606810504,0.40317923314672965,0.280691388261675,0.15200419571740875,0.005244354467483164,2.0,1.0,1.0,1,train
0.0,0.0,0.0,1.0,0.0,-0.6466958717697007,-0.1160088153135048,0.280691388261675,-0.9471421222756509,0.049754600522663804,0.0,1.0,0.0,1,train
1.0,0.0,0.0,0.0,1.0,-0.3185458325481334,-0.26968207135020994,0.280691388261675,1.5783512367805965,-0.165234588385661,1.0,1.0,1.0,0,train
0.0,1.0,0.0,0.0,0.0,-0.02668611978629543,-0.14916351764279945,0.280691388261675,0.9673123858443254,-0.23462660259871201,0.0,1.0,1.0,1,train
1.0,1.0,0.0,0.0,0.0,-1.1793680512547278,-0.26968207135020994,0.280691388261675,-0.9471421222756509,0.2761615196190798,3.0,1.0,0.0,1,train
1.0,0.0,0.0,1.0,0.0,0.7173286369287502,1.210428830328794,0.280691388261675,0.8571277610439878,-0.024358386139328857,2.0,1.0,1.0,1,train
1.0,0.0,0.0,0.0,0.0,0.0676204720150441,-0.019686251591508733,0.280691388261675,0.10863471221161916,-0.22560920359946104,1.0,1.0,1.0,0,train
0.0,0.0,1.0,0.0,1.0,-0.9724538712491546,-0.1160088153135048,0.280691388261675,-0.9471421222756509,0.2346838279483356,0.0,1.0,0.0,1,train
1.0,0.0,0.0,1.0,0.0,1.0390667134974,1.3899523226087962,0.280691388261675,0.9514126213344846,-0.09663720752107417,0.0,1.0,1.0,0,train
0.0,0.0,0.0,1.0,0.0,0.6449363297193262,1.554831044822587,0.280691388261675,-0.9471421222756509,0.18196042664863277,0.0,1.0,0.0,1,train
0.0,0.0,0.0,0.0,0.0,-0.9283122539073375,-0.9608329544971649,0.280691388261675,-0.9471421222756509,-0.17575365462146164,2.0,0.0,0.0,0,train
1.0,0.0,0.0,0.0,0.0,1.6758527158040022,0.7203761218562649,-2.486767881547207,-0.9471421222756509,-0.08451280558048657,1.0,1.0,0.0,1,train
1.0,0.0,1.0,0.0,1.0,0.9081581673936091,1.4590350313004767,0.280691388261675,0.914241651826174,-0.006705416616000426,2.0,1.0,1.0,1,train
1.0,0.0,0.0,1.0,0.0,-0.057822498617784227,-0.06727413067332899,0.280691388261675,-0.32509223951150273,-0.19472580303386186,0.0,1.0,1.0,1,train
1.0,1.0,0.0,1.0,0.0,0.24727465126480128,0.44098204496396876,0.280691388261675,-0.03900922773330376,-0.1297112135357112,1.0,0.0,1.0,1,train
0.0,0.0,0.0,1.0,0.0,1.7276676738030494,1.2609912525971811,0.280691388261675,-0.9471421222756509,-0.3836345260337755,0.0,0.0,0.0,0,train
1.0,0.0,1.0,1.0,0.0,0.5647402433667179,0.7094737151407231,0.280691388261675,0.2074247859878096,-0.1592668193708847,0.0,1.0,1.0,1,train
1.0,0.0,0.0,1.0,0.0,0.6706202691438252,1.1585697953870653,-0.6417950350079523,-0.06397940642422074,0.1515670031033137,2.0,1.0,1.0,1,train
1.0,0.0,0.0,0.0,0.0,-0.45633754175372604,-0.8633494311864762,0.280691388261675,-0.9471421222756509,-0.3125844761040478,0.0,1.0,0.0,0,train
1.0,0.0,0.0,1.0,0.0,-0.8135716978684279,-0.323615708848252,0.280691388261675,-0.9471421222756509,0.03746810110913122,0.0,1.0,0.0,1,train
1.0,1.0,0.0,0.0,0.0,-0.9777799775694929,-1.3445949676217943,0.280691388261675,-0.28518844677454663,-0.2871587284451069,0.0,1.0,1.0,0,train
1.0,1.0,0.0,0.0,1.0,0.10029204806933767,-0.019686251591508733,-2.486767881547207,1.6665311317325908,0.4309364160189862,0.0,1.0,1.0,0,train
1.0,0.0,0.0,1.0,0.0,-0.11971007440989766,0.026807555757940034,0.280691388261675,0.428600390512077,-0.13510745493305693,0.0,1.0,1.0,1,train
1.0,0.0,0.0,0.0,1.0,-0.015895707825934625,0.2167744742757309,0.280691388261675,-0.9471421222756509,-0.10504199954525945,0.0,1.0,0.0,1,train
0.0,0.0,0.0,1.0,0.0,-0.6320479537486418,-0.5549982360699831,0.280691388261675,-0.9471421222756509,-0.14436061909460235,0.0,0.0,0.0,0,train
1.0,0.0,0.0,1.0,0.0,-0.8420893037898163,-0.14916351764279945,0.280691388261675,-0.9471421222756509,0.1393068907743839,2.0,1.0,0.0,1,train
0.0,0.0,0.0,1.0,0.0,-0.4708629696386424,-0.23450915788532117,0.280691388261675,-0.9471421222756509,-0.08712295096626417,0.0,1.0,0.0,1,train
1.0,0.0,0.0,1.0,0.0,-0.2959361065664097,-1.1711408722036414,0.280691388261675,-0.9471421222756509,-0.43979623664692663,2.0,0.0,0.0,0,train
0.0,0.0,0.0,1.0,0.0,-0.9314303910010113,-0.2875006143516613,0.280691388261675,-0.9471421222756509,0.11810981163688528,1.0,1.0,0.0,1,train
0.0,1.0,0.0,1.0,0.0,0.2658342637442905,0.011428078235602254,0.280691388261675,-0.9471421222756509,-0.2854831180606641,0.0,1.0,0.0,1,train
1.0,1.0,0.0,1.0,0.0,-0.4855038325978125,-0.21714946719394093,0.280691388261675,0.8593964820798105,-0.07340905473435981,0.0,0.0,1.0,0,train
1.0,0.0,0.0,1.0,0.0,-0.8391186518808228,-0.5962729655604662,0.280691388261675,0.8752277628048655,-0.0711185067398135,0.0,1.0,1.0,1,train
1.0,0.0,0.0,0.0,1.0,-0.8620170145068993,-0.7254056428312404,0.280691388261675,1.2192777393551018,-0.11351096738673792,0.0,1.0,1.0,1,train
1.0,0.0,0.0,1.0,0.0,-0.45272400893183734,-0.23450915788532117,0.280691388261675,0.7634526208746633,-0.09514845540568134,1.0,1.0,1.0,1,train
1.0,0.0,0.0,0.0,0.0,-0.842584878478224,-2.241510458685856,-2.486767881547207,-0.9471421222756509,-0.17411257978039596,0.0,1.0,0.0,1,train
1.0,0.0,0.0,0.0,1.0,-0.07114312002458703,-2.1495677376025375,0.280691388261675,-0.9471421222756509,-0.6538666685655165,1.0,1.0,0.0,1,train
1.0,0.0,0.0,0.0,1.0,-1.0842755100819144,0.5145316611545941,0.280691388261675,1.5141537404280292,0.7532036866639131,2.0,1.0,1.0,0,train
1.0,0.0,0.0,0.0,1.0,0.5089513575291367,-0.019686251591508733,-2.486767881547207,-0.9471421222756509,0.1649148444823357,3.0,1.0,0.0,1,train
0.0,1.0,0.0,0.0,0.0,-1.7971095168148081,-1.3445949676217943,0.280691388261675,-0.9471421222756509,0.059639162151639794,0.0,1.0,0.0,1,train
0.0,1.0,1.0,1.0,0.0,-0.022552908006967853,0.04207096064570286,0.280691388261675,-0.9471421222756509,-0.16913663619385494,0.0,1.0,0.0,1,train
1.0,0.0,1.0,0.0,0.0,2.011764571826821,2.27400714654654,0.280691388261675,-0.9471421222756509,-0.16594640045065523,2.0,1.0,0.0,1,train
0.0,0.0,0.0,0.0,0.0,-1.6646861832251059,-2.0616238147532395,0.280691388261675,-0.9471421222756509,-0.2797055384154874,0.0,1.0,0.0,0,train
1.0,0.0,0.0,0.0,1.0,-0.15725064403028677,0.011428078235602254,0.280691388261675,-0.9471421222756509,-0.125239678821416,2.0,1.0,0.0,1,train
1.0,0.0,0.0,0.0,0.0,-0.1334874764423283,-0.21714946719394093,0.280691388261675,0.586516475022297,-0.21826135948288902,0.0,1.0,1.0,1,train
1.0,0.0,0.0,0.0,1.0,-0.5558338887926426,-0.019686251591508733,0.280691388261675,1.0829233471549544,0.04849151826590931,0.0,1.0,1.0,1,train
1.0,1.0,1.0,0.0,0.0,0.05761372146903618,0.49031111360488727,-2.486767881547207,1.4807160439187432,0.8578169959100457,0.0,0.0,1.0,0,train
1.0,0.0,0.0,1.0,0.0,-0.2500945509983016,0.2167744742757309,0.280691388261675,0.2666269764936651,0.003565524813458249,0.0,1.0,1.0,1,train
1.0,1.0,0.0,1.0,0.0,-0.38847646310386486,-0.6172305784745311,0.280691388261675,-0.9471421222756509,-0.2591442231820716,3.0,0.0,0.0,0,train
1.0,1.0,0.0,0.0,0.0,-0.9066318261992761,-0.6172305784745311,0.280691388261675,1.1547661585320501,-0.048966349105829005,0.0,1.0,1.0,1,train
1.0,1.0,1.0,0.0,0.0,0.36083417050329875,0.13130859314920248,0.280691388261675,-0.9471421222756509,-0.2804071632314577,0.0,1.0,0.0,1,train
1.0,0.0,1.0,1.0,0.0,0.03989329698800286,0.9269219494968053,-1.5642814582775797,-0.9471421222756509,0.7534396627927392,2.0,1.0,0.0,0,train
1.0,0.0,0.0,0.0,0.0,0.7134989346517552,0.687490981879646,0.280691388261675,0.3195106959750892,-0.22469336152684288,0.0,1.0,1.0,0,train
0.0,0.0,0.0,1.0,0.0,-1.1416726411954927,-0.514549056768722,0.280691388261675,-0.9471421222756509,0.11895508292559802,0.0,1.0,0.0,1,train
0.0,0.0,0.0,1.0,0.0,-1.2884551848260006,-0.8633494311864762,0.280691388261675,-0.9471421222756509,0.026382052362558812,0.0,1.0,0.0,1,train
1.0,1.0,1.0,0.0,1.0,-0.396240060320134,0.13130859314920248,0.280691388261675,-0.9471421222756509,0.03764925675739499,0.0,1.0,0.0,0,train
1.0,0.0,0.0,0.0,1.0,0.9253243440170437,-0.2875006143516613,0.280691388261675,-0.9471421222756509,-0.5323142173840338,2.0,1.0,0.0,1,train
1.0,0.0,0.0,0.0,0.0,-0.013365945817652205,0.13130859314920248,0.280691388261675,-0.9471421222756509,-0.13947220532798213,0.0,1.0,0.0,1,train
1.0,0.0,0.0,1.0,0.0,0.2906503780853123,0.8772292394725536,0.280691388261675,-0.9471421222756509,0.035908515664532535,1.0,1.0,0.0,1,train
0.0,0.0,0.0,0.0,0.0,0.1873322732998204,0.16020039234110842,0.280691388261675,0.6930172071627194,-0.2086464788596372,0.0,1.0,1.0,1,train
0.0,0.0,0.0,0.0,0.0,2.2790938133322625,2.6418919855493197,0.280691388261675,-0.9471421222756509,-0.1378891025171828,0.0,1.0,0.0,0,train
0.0,1.0,0.0,0.0,0.0,-0.7854888056645225,-0.323615708848252,0.280691388261675,-0.9471421222756509,0.023190550039221377,0.0,1.0,0.0,1,train
1.0,0.0,0.0,1.0,0.0,-0.8209047268934985,0.08718193611360721,0.280691388261675,-0.39821220201893676,0.256530749446015,2.0,1.0,1.0,1,train
0.0,0.0,0.0,0.0,1.0,-0.9009955298204145,-0.9608329544971649,0.280691388261675,-0.9471421222756509,-0.18650569746238724,0.0,1.0,0.0,0,train
1.0,0.0,0.0,1.0,0.0,1.9246817702837706,-0.323615708848252,0.280691388261675,-0.9471421222756509,-0.6926915525373656,0.0,1.0,0.0,1,train
0.0,0.0,0.0,0.0,0.0,-1.1865226190545284,1.3663902128145275,0.280691388261675,-0.9471421222756509,1.7721958005220275,3.0,1.0,0.0,1,train
1.0,0.0,0.0,1.0,0.0,0.1986330226919999,0.9269219494968053,0.280691388261675,-0.9471421222756509,0.10891631120390076,2.0,1.0,0.0,1,train
1.0,0.0,0.0,1.0,0.0,-1.2528148278156126,-1.8964388551754523,0.280691388261675,0.4824547216282306,-0.3616814157802391,0.0,1.0,1.0,1,train
1.0,0.0,0.0,0.0,1.0,0.6402882493112794,1.350528237008149,0.280691388261675,-0.8240117780059752,0.07952596640874425,1.0,1.0,1.0,1,train
0.0,0.0,0.0,1.0,0.0,-0.5737369805169747,0.10199805767587765,0.280691388261675,-0.9471421222756509,0.11805877222303922,0.0,0.0,0.0,0,train
1.0,1.0,0.0,1.0,0.0,-0.10105709676597886,0.8872659426924134,0.280691388261675,2.0374875031183177,0.2649443571969944,0.0,0.0,1.0,0,train
1.0,0.0,0.0,1.0,0.0,0.5856326349135079,1.3264995399113626,0.280691388261675,0.11195890264759666,0.09716877679727216,1.0,1.0,1.0,1,train
0.0,0.0,0.0,0.0,1.0,-1.2288206142714435,-2.0190455779356657,0.280691388261675,0.7696632189731814,-0.40096925706369485,0.0,1.0,1.0,1,train
0.0,0.0,1.0,0.0,1.0,1.0559450219022084,0.7420061841690315,0.280691388261675,-0.9471421222756509,-0.32474209974893264,0.0,0.0,0.0,0,train
1.0,0.0,0.0,1.0,0.0,1.6758527158040022,2.4478757230867805,0.280691388261675,-0.9471421222756509,0.06203721323385558,0.0,1.0,0.0,1,train
1.0,0.0,0.0,0.0,0.0,0.020760372700683136,0.42845945666931523,0.280691388261675,-0.45305033909960557,-0.03357471918549152,1.0,1.0,1.0,1,train
1.0,0.0,0.0,0.0,0.0,0.5645093354397306,0.9849850249746528,0.280691388261675,0.15090311815717755,-0.04957258348052371,0.0,1.0,1.0,1,train
0.0,0.0,0.0,0.0,0.0,0.3757329320970416,-0.14916351764279945,0.280691388261675,-0.9471421222756509,-0.3663995463150431,0.0,1.0,0.0,1,train
1.0,1.0,0.0,0.0,1.0,-0.027959745065539082,0.40317923314672965,0.280691388261675,-0.040871134676244265,-0.02138784345756329,1.0,1.0,1.0,1,train
1.0,0.0,0.0,0.0,0.0,4.834541343500563,2.061487227063168,0.280691388261675,-0.9471421222756509,-0.7621660137908859,3.0,0.0,0.0,0,train
0.0,1.0,0.0,0.0,0.0,-0.5524434136824099,0.35165054638410453,0.280691388261675,-0.9471421222756509,0.2402769508501203,0.0,1.0,0.0,1,train
0.0,0.0,0.0,0.0,1.0,-1.0967503424953167,-2.9032630846992187,0.280691388261675,-0.9471421222756509,-0.605980140199442,0.0,1.0,0.0,1,train
1.0,0.0,1.0,0.0,0.0,-0.4193351539485841,0.011428078235602254,0.280691388261675,0.1563525848272389,-0.005842413841328464,1.0,1.0,1.0,1,train
0.0,1.0,0.0,0.0,0.0,-0.09774599074699106,-0.3419180197142185,0.280691388261675,0.3288122870984951,-0.2721878970236738,0.0,1.0,1.0,1,train
1.0,0.0,0.0,0.0,0.0,-0.40833866659874746,0.24447890132258382,0.280691388261675,0.7907154733422752,0.09893811372728598,1.0,0.0,1.0,0,train
1.0,1.0,1.0,0.0,0.0,0.4219665133372151,0.7420061841690315,0.280691388261675,-0.3695430085631001,-0.08592303349601003,2.0,1.0,1.0,0,train
1.0,0.0,0.0,1.0,0.0,-1.1375961128208443,-2.545439915942599,0.280691388261675,-0.9471421222756509,-0.537883954349571,0.0,1.0,0.0,1,train
0.0,0.0,1.0,0.0,1.0,1.0500995419276176,-0.14916351764279945,-2.486767881547207,0.8324694517960809,-0.1576062522263062,0.0,1.0,1.0,0,train
1.0,1.0,0.0,1.0,0.0,-0.25946097149017894,-0.7254056428312404,0.280691388261675,1.1432570230869776,-0.33465357298810383,1.0,1.0,1.0,1,train
1.0,0.0,0.0,0.0,1.0,0.7697118682433994,-0.323615708848252,0.280691388261675,-0.1499257304788824,-0.5066308060856846,1.0,0.0,1.0,0,train
0.0,0.0,0.0,0.0,0.0,0.46121574002124444,0.31212372047771314,0.280691388261675,1.0018682121572,-0.2577762915185707,0.0,1.0,1.0,1,train
1.0,0.0,0.0,0.0,1.0,4.38137996597411,2.6835064486227727,-2.486767881547207,-0.9471421222756509,-0.40505838990936394,0.0,1.0,0.0,1,train
1.0,0.0,0.0,0.0,1.0,-1.6477276636273783,-1.0896912789834223,0.280691388261675,-0.9471421222756509,0.10582180692317852,0.0,1.0,0.0,1,train
1.0,0.0,0.0,1.0,0.0,-0.2120416623026631,-0.019686251591508733,0.280691388261675,1.6198184945980836,-0.11403938112732173,0.0,1.0,1.0,1,train
0.0,0.0,0.0,0.0,1.0,-0.1830559808665785,0.10199805767587765,0.280691388261675,-0.9471421222756509,-0.0776760101203743,0.0,1.0,0.0,1,train
1.0,0.0,1.0,1.0,0.0,-1.6515681880389417,-0.019686251591508733,0.280691388261675,-0.9471421222756509,0.8245052443149602,1.0,1.0,0.0,1,train
1.0,1.0,0.0,1.0,0.0,-0.7455612606888015,-0.3603874772845236,0.280691388261675,-0.6836781830153438,-0.013271181794218294,2.0,1.0,1.0,1,train
0.0,0.0,0.0,0.0,1.0,1.5009322688772577,-2.337833022407851,0.280691388261675,-0.9471421222756509,-0.8084159057414223,1.0,1.0,0.0,1,train
0.0,0.0,0.0,1.0,0.0,-0.6320479537486418,-2.1495677376025375,0.280691388261675,-0.9471421222756509,-0.5640841454622967,0.0,1.0,0.0,1,train
0.0,0.0,0.0,0.0,1.0,-0.577166907303467,-0.8633494311864762,0.280691388261675,0.6674136016006572,-0.2723450736157515,0.0,1.0,1.0,1,train
0.0,0.0,0.0,0.0,1.0,0.03989329698800286,0.37757899830214725,0.280691388261675,-0.9471421222756509,-0.06417788024258142,0.0,1.0,0.0,1,train
1.0,0.0,0.0,1.0,0.0,-0.20186221982860214,0.14580608568243383,0.280691388261675,0.9435607398503975,-0.05071353333415684,0.0,1.0,1.0,1,train
1.0,0.0,0.0,0.0,0.0,0.1944033608669154,1.0321291538521777,0.280691388261675,2.6473833046927315,0.16583811684212477,0.0,1.0,1.0,1,train
0.0,0.0,0.0,1.0,0.0,-1.5725520407593225,-1.7072925459397519,0.280691388261675,-0.9471421222756509,-0.19370145141649353,0.0,1.0,0.0,1,train
0.0,0.0,0.0,1.0,0.0,-0.33427606706627705,0.10199805767587765,0.280691388261675,1.256907802842205,-0.0067955262173000405,0.0,1.0,1.0,1,train
1.0,0.0,0.0,1.0,0.0,3.5346483208999473,3.092334531589717,-2.486767881547207,-0.9471421222756509,0.0653699772080829,3.0,0.0,0.0,1,train
1.0,1.0,0.0,0.0,0.0,-0.05911783978069589,0.3646563246339822,0.280691388261675,1.146815775061496,-0.023380005467260115,0.0,1.0,1.0,1,train
1.0,0.0,0.0,0.0,0.0,-0.230081019939671,-0.3603874772845236,0.280691388261675,0.65756798969898,-0.23121879613514307,0.0,1.0,1.0,1,train
0.0,0.0,1.0,0.0,0.0,0.2763949830177408,0.17449297160115532,0.280691388261675,-0.9471421222756509,-0.23681901666656008,0.0,1.0,0.0,1,train
0.0,0.0,0.0,0.0,0.0,-0.550750513133191,0.10199805767587765,0.280691388261675,-0.9471421222756509,0.10535699162699279,2.0,1.0,0.0,1,train
1.0,0.0,1.0,1.0,0.0,0.0901629536072635,0.42845945666931523,0.280691388261675,1.8766664099092099,-0.06583736161182216,0.0,1.0,1.0,1,train
0.0,1.0,1.0,1.0,0.0,-0.7692232722314869,-1.4690891301344644,0.280691388261675,-0.9471421222756509,-0.3869149813665096,1.0,1.0,0.0,0,train
1.0,0.0,0.0,1.0,0.0,0.8036892357295112,1.1409836711122934,0.280691388261675,-0.9471421222756509,-0.09326114826076837,0.0,1.0,0.0,1,train
0.0,0.0,0.0,0.0,1.0,0.7171160844170585,0.3646563246339822,-4.331740728086462,1.8582381773473804,2.5689050942876843,0.0,1.0,1.0,1,train
1.0,0.0,0.0,1.0,0.0,-0.7654168682058144,-0.5755303063106267,0.280691388261675,0.3371343776938725,-0.09551422810723739,2.0,1.0,1.0,1,train
0.0,0.0,1.0,1.0,0.0,0.4388547853789881,-0.019686251591508733,0.280691388261675,-0.9471421222756509,-0.3498129036950224,1.0,1.0,0.0,1,train
1.0,0.0,0.0,0.0,1.0,1.9218100807802985,1.5185214241345362,0.280691388261675,-0.9471421222756509,-0.37177498953648924,2.0,1.0,0.0,1,train
1.0,0.0,0.0,1.0,0.0,-0.5694585324885151,0.011428078235602254,0.280691388261675,-0.9471421222756509,0.07060476864720892,0.0,1.0,0.0,1,train
0.0,1.0,0.0,0.0,0.0,0.053656696303050304,-0.23450915788532117,0.280691388261675,-0.9471421222756509,-0.29006741690113697,0.0,0.0,0.0,0,train
0.0,0.0,0.0,0.0,0.0,-0.25081335666214144,-0.08338888962458542,0.280691388261675,-0.9471421222756509,-0.12246854283568066,0.0,0.0,0.0,0,train
0.0,0.0,0.0,0.0,0.0,-0.41265089068130306,-0.25201915079875786,0.280691388261675,1.6334963794445547,-0.11950070112860457,0.0,1.0,1.0,0,train
0.0,0.0,0.0,0.0,1.0,0.8204457819220548,1.2775683253115608,0.280691388261675,-0.9471421222756509,-0.04409791137523136,0.0,1.0,0.0,0,train
0.0,0.0,0.0,1.0,0.0,0.2614840872412226,-0.019686251591508733,0.280691388261675,0.3680392806205341,-0.2935860023505944,0.0,1.0,1.0,0,train
1.0,0.0,0.0,0.0,1.0,0.06580510097665744,-0.14916351764279945,0.280691388261675,1.463636027682736,-0.2675096655570919,0.0,0.0,1.0,0,train
1.0,0.0,0.0,0.0,1.0,1.2510937325902898,1.7922346221567171,0.280691388261675,1.1243026266912026,-0.0252536982317684,1.0,1.0,1.0,1,train
1.0,0.0,1.0,1.0,0.0,2.155198276900065,-0.8163149497132443,0.280691388261675,-0.4399299809628388,-0.7588718746968138,1.0,1.0,1.0,1,train
0.0,0.0,0.0,0.0,1.0,3.6282153044348964,2.004674739900405,-2.486767881547207,3.275117432110735,-0.3674639563705124,3.0,1.0,1.0,0,train
1.0,1.0,0.0,1.0,0.0,-0.8605149362393831,-0.4748930499643301,0.280691388261675,-0.17885227116536212,-0.008567216532043013,0.0,1.0,1.0,1,train
0.0,0.0,1.0,1.0,0.0,0.3106364592436754,0.6086133475858632,-2.486767881547207,-0.9471421222756509,0.7246113499640131,0.0,1.0,0.0,1,train
1.0,0.0,0.0,1.0,0.0,0.6451573746404681,0.42845945666931523,0.280691388261675,-0.9471421222756509,-0.28441768431091696,0.0,1.0,0.0,0,train
1.0,0.0,0.0,0.0,1.0,-0.7922283440148165,-0.4359997061454893,0.280691388261675,0.7523704460546761,-0.024276209259049542,0.0,1.0,1.0,1,train
1.0,0.0,0.0,0.0,0.0,0.3564443609861344,0.7203761218562649,0.280691388261675,0.2995631263380089,-0.06531405191954537,2.0,1.0,1.0,0,train
1.0,1.0,0.0,0.0,1.0,-0.3761223588508161,0.676409356629895,0.280691388261675,1.1311696513836904,0.3182643417665395,0.0,0.0,1.0,0,train
0.0,0.0,0.0,0.0,0.0,-0.9071450728645417,-0.323615708848252,0.280691388261675,-0.9471421222756509,0.08664415999281586,2.0,0.0,0.0,0,train
1.0,0.0,0.0,0.0,1.0,-0.4431224294497423,0.07225646949181026,0.280691388261675,-0.9471421222756509,0.03391882790819786,2.0,1.0,0.0,0,train
0.0,0.0,0.0,1.0,0.0,-0.3904142973974527,-0.6384076468223703,0.280691388261675,-0.9471421222756509,-0.26528026706523455,0.0,1.0,0.0,1,train
0.0,1.0,0.0,1.0,0.0,0.2431553257957477,0.27180893274695556,0.280691388261675,0.321361999109983,-0.19080166997230147,3.0,1.0,1.0,1,train
0.0,0.0,0.0,0.0,1.0,-1.1370144872775594,-1.1164783136135623,0.280691388261675,-0.9471421222756509,-0.14947039924580022,0.0,1.0,0.0,0,train
0.0,0.0,0.0,0.0,1.0,-0.589654197813072,-0.4359997061454893,0.280691388261675,0.9164759307230771,-0.11611795646162949,0.0,0.0,1.0,0,train
1.0,0.0,0.0,0.0,0.0,-0.222631644861771,0.33856058775385467,0.280691388261675,0.8461575881431459,0.04611506269149856,0.0,1.0,1.0,1,train
0.0,1.0,0.0,1.0,0.0,-0.14872856900874545,-0.323615708848252,0.280691388261675,0.3661966849452361,-0.24841894234077547,0.0,1.0,1.0,1,train
1.0,0.0,0.0,0.0,1.0,-0.5733086883162658,-0.18287082371840307,0.280691388261675,-0.9471421222756509,-0.017695752340481,0.0,1.0,0.0,1,train
1.0,1.0,0.0,0.0,1.0,0.04999649862282738,0.42845945666931523,0.280691388261675,-0.9471421222756509,-0.04731383828052124,0.0,1.0,0.0,0,train
0.0,0.0,0.0,1.0,0.0,-0.9528800879710566,-0.9360180229467153,-0.6417950350079523,-0.9471421222756509,-0.006817441579848856,0.0,1.0,0.0,1,train
0.0,1.0,0.0,0.0,0.0,-1.0062683180486949,-0.6172305784745311,0.280691388261675,-0.9471421222756509,-0.001320853055241581,0.0,1.0,0.0,0,train
1.0,0.0,0.0,1.0,0.0,-0.4001341621568945,-0.09963308577694752,2.12566423480093,0.7162050681588004,-0.2738827097622487,1.0,1.0,1.0,1,train
1.0,0.0,0.0,0.0,0.0,0.9312002958766326,0.6652666752855875,0.280691388261675,-0.14411445305052403,-0.30729737571397536,0.0,1.0,1.0,1,train
1.0,1.0,1.0,0.0,1.0,0.3499696973560951,-0.06727413067332899,-4.331740728086462,-0.9471421222756509,2.514435751508473,3.0,1.0,0.0,1,train
1.0,0.0,0.0,1.0,0.0,-0.04910268742064599,0.5738435820437626,0.280691388261675,1.5397491023707666,0.06812103420031884,0.0,1.0,1.0,1,train
1.0,0.0,0.0,0.0,1.0,-0.7535722929260643,-1.2273220278599801,0.280691388261675,-0.18173443520441143,-0.32488558119519945,2.0,1.0,1.0,1,train
0.0,1.0,0.0,1.0,0.0,-0.528047318422214,-0.14916351764279945,0.280691388261675,-0.9471421222756509,-0.02456858488359008,0.0,1.0,0.0,1,train
0.0,0.0,0.0,0.0,1.0,-1.0927719074303706,-0.9608329544971649,0.280691388261675,-0.9471421222756509,-0.10753873051843475,0.0,1.0,0.0,1,train
1.0,1.0,0.0,1.0,0.0,0.5285995756471442,-0.09963308577694752,0.280691388261675,1.4606193210499445,-0.3969605747089047,0.0,1.0,1.0,1,train
1.0,0.0,0.0,1.0,0.0,0.7004609740376165,0.6086133475858632,0.280691388261675,-0.4456215820910724,-0.24624687782193255,0.0,1.0,1.0,1,train
1.0,0.0,0.0,0.0,1.0,0.44650277301924945,-0.30547754647861824,-5.069729866702164,0.6812234926580701,13.505623398209842,0.0,1.0,1.0,1,train
1.0,1.0,0.0,1.0,0.0,-0.3215317309214475,-0.019686251591508733,0.280691388261675,-0.9471421222756509,-0.06553064112586188,3.0,1.0,0.0,0,train
0.0,0.0,1.0,1.0,0.0,-0.23577702105464032,-0.019686251591508733,0.280691388261675,-0.9471421222756509,-0.10376706314688013,0.0,1.0,0.0,1,train
1.0,1.0,0.0,0.0,1.0,-0.3966291003158891,-0.659808815292104,0.280691388261675,1.6958218466064072,-0.26995455510506416,0.0,0.0,1.0,0,train
1.0,0.0,0.0,0.0,1.0,0.07034017890403325,-0.23450915788532117,0.280691388261675,1.4996529429520817,-0.29562163856973583,0.0,1.0,1.0,1,train
0.0,0.0,1.0,0.0,1.0,1.1564370668193489,-0.8872833383065414,0.280691388261675,-0.9471421222756509,-0.6617525381585853,0.0,1.0,0.0,0,train
1.0,0.0,0.0,0.0,1.0,0.3455538924669567,0.011428078235602254,0.280691388261675,0.4574715245558139,-0.31176850454149196,0.0,1.0,1.0,1,train
1.0,1.0,0.0,0.0,1.0,-0.7106284944604396,-0.019686251591508733,-2.486767881547207,-0.9471421222756509,1.1704491063079463,3.0,1.0,0.0,0,train
1.0,1.0,0.0,0.0,0.0,-0.3455947524319013,-0.019686251591508733,0.280691388261675,1.1338079207245415,-0.054477584024605036,1.0,1.0,1.0,1,train
1.0,0.0,0.0,1.0,0.0,0.1873322732998204,-3.182657161591513,0.280691388261675,-0.2700843510834916,-0.7765575216990983,1.0,1.0,1.0,1,train
0.0,0.0,0.0,0.0,1.0,-0.9476253813480302,-1.0632544117072809,0.280691388261675,-0.9471421222756509,-0.2049563486267622,0.0,0.0,0.0,0,train
1.0,1.0,0.0,0.0,1.0,-0.4451186360520851,-1.2273220278599801,-2.486767881547207,0.5917833435413443,0.07707331855334522,3.0,0.0,1.0,0,train
0.0,0.0,0.0,0.0,0.0,-1.5674028690098418,-1.6714970708113455,0.280691388261675,-0.9471421222756509,-0.18277435317027005,0.0,1.0,0.0,1,train
0.0,0.0,0.0,0.0,1.0,-0.7333760798594867,-1.1164783136135623,0.280691388261675,1.1391006119026912,-0.2983747609639628,0.0,1.0,1.0,1,train
1.0,0.0,0.0,0.0,1.0,0.4712024445335658,0.7420061841690315,0.280691388261675,-0.9471421222756509,-0.10755452655619728,2.0,1.0,0.0,1,train
1.0,1.0,0.0,0.0,0.0,-0.2268847415403504,-0.019686251591508733,0.280691388261675,0.3590452535475475,-0.10763102977048887,2.0,1.0,1.0,1,train
1.0,0.0,0.0,0.0,1.0,-0.530137751975733,-0.9608329544971649,0.280691388261675,0.31193998844469695,-0.31773873005714776,0.0,1.0,1.0,1,train
1.0,0.0,0.0,0.0,1.0,-0.23542050457688476,0.7312200703460783,0.280691388261675,0.4971630739590277,0.25955584530909054,1.0,1.0,1.0,1,train
1.0,0.0,0.0,0.0,0.0,-0.03721995485571519,-0.16594694631347898,0.280691388261675,0.6514573826524457,-0.23640326137772247,0.0,0.0,1.0,0,train
0.0,0.0,0.0,0.0,1.0,-0.007056696866834372,-0.019686251591508733,0.280691388261675,-0.9471421222756509,-0.19745495548795497,0.0,1.0,0.0,1,train
1.0,0.0,0.0,0.0,1.0,0.1230276543091556,0.5855000497478912,0.280691388261675,0.7981629956231303,-0.01363335457896846,0.0,1.0,1.0,0,train
0.0,0.0,0.0,1.0,0.0,0.9808639746424391,1.0134031723974664,0.280691388261675,-0.9471421222756509,-0.21312998709258033,0.0,1.0,0.0,0,train
0.0,0.0,0.0,1.0,0.0,-1.1847313705973732,-0.14916351764279945,0.280691388261675,-0.9471421222756509,0.353059262025682,0.0,1.0,0.0,1,train
1.0,0.0,0.0,0.0,0.0,0.8871515504126062,1.5185214241345362,0.280691388261675,-0.9471421222756509,0.03086603656790521,3.0,1.0,0.0,1,train
0.0,0.0,0.0,0.0,1.0,-1.0008593332675755,-0.7703495268339382,0.280691388261675,-0.9471421222756509,-0.07044514981551245,0.0,1.0,0.0,1,train
1.0,0.0,0.0,0.0,1.0,-0.039782708032738076,1.3663902128145275,0.280691388261675,-0.9471421222756509,0.5309407766600389,0.0,1.0,0.0,0,train
1.0,0.0,0.0,0.0,1.0,-1.1422557394415547,-0.514549056768722,0.280691388261675,0.84882714979461,0.11927966689513522,0.0,0.0,1.0,0,train
1.0,0.0,0.0,0.0,0.0,1.9346975788803225,1.7205804058686212,0.280691388261675,-0.4135503961996513,-0.31954761201635046,0.0,1.0,1.0,0,train
1.0,0.0,0.0,1.0,0.0,-0.449517919120211,-1.1436249164814627,-2.486767881547207,-0.9471421222756509,0.12166028709390139,0.0,1.0,0.0,1,train
1.0,0.0,0.0,0.0,1.0,-1.6592733389319814,-4.002666369224725,-3.4092543048168347,0.9946414762996876,-0.21365948596844858,2.0,1.0,1.0,1,train
1.0,0.0,0.0,1.0,0.0,-0.8690429517891609,-0.26968207135020994,2.12566423480093,0.952809847878019,-0.1568917223441368,2.0,1.0,1.0,1,train
1.0,0.0,0.0,0.0,1.0,4.009621481134967,3.403606785847013,-0.6417950350079523,-0.9471421222756509,-0.3806101977061624,3.0,1.0,0.0,1,train
1.0,0.0,0.0,0.0,0.0,-0.31630958032973766,-0.019686251591508733,0.280691388261675,-0.9471421222756509,-0.06791035929056563,1.0,0.0,0.0,0,train
0.0,1.0,0.0,0.0,1.0,-1.4172300172802201,-0.9608329544971649,0.280691388261675,-0.9471421222756509,0.0462981069351673,0.0,0.0,0.0,0,train
1.0,0.0,0.0,1.0,0.0,-0.8258096789203918,-0.21714946719394093,0.280691388261675,-0.9471421222756509,0.0955678575385771,1.0,1.0,0.0,1,train
1.0,0.0,0.0,0.0,0.0,1.1258735044198334,-0.14916351764279945,0.280691388261675,1.023656591348419,-0.5469252434213638,2.0,1.0,1.0,1,train
1.0,0.0,0.0,0.0,1.0,1.1140873974076748,1.7729429825710947,0.280691388261675,-0.9471421222756509,0.033717842156305765,1.0,1.0,0.0,1,train
0.0,1.0,0.0,0.0,1.0,-0.9030430975700079,-0.514549056768722,-1.5642814582775797,-0.9471421222756509,0.4446235564656177,1.0,1.0,0.0,1,train
1.0,1.0,0.0,0.0,0.0,-0.5339065202038887,0.026807555757940034,0.280691388261675,1.4170165324651005,0.05930282973637145,1.0,1.0,1.0,1,train
1.0,0.0,0.0,1.0,0.0,1.1282557144592227,1.1932898163300836,0.280691388261675,-0.9471421222756509,-0.20663228703216652,0.0,1.0,0.0,1,train
1.0,0.0,0.0,1.0,0.0,1.2113760410150127,0.7420061841690315,0.280691388261675,1.1694492650918742,-0.3717806470616283,0.0,1.0,1.0,1,train
1.0,0.0,0.0,1.0,0.0,0.5698129093559383,0.8772292394725536,0.280691388261675,-0.9471421222756509,-0.09655877303605935,2.0,1.0,0.0,1,train
1.0,0.0,0.0,0.0,1.0,-1.7904646082834408,-1.534333225214702,0.280691388261675,-0.9471421222756509,-0.031315866574639174,0.0,0.0,0.0,0,train
1.0,0.0,0.0,0.0,0.0,-0.12440297805789398,-0.06727413067332899,0.280691388261675,-0.9471421222756509,-0.16854253617024884,0.0,1.0,0.0,1,train
0.0,0.0,1.0,0.0,1.0,2.2729833636408663,3.253953360946524,2.12566423480093,-0.9471421222756509,-0.1232939641999694,0.0,1.0,0.0,1,train
1.0,0.0,0.0,0.0,1.0,1.398250376948359,1.1143143851094741,0.280691388261675,-0.5643205921103178,-0.3252231738319071,2.0,1.0,1.0,1,train
1.0,0.0,1.0,0.0,0.0,0.13764219146758697,0.32538535191889467,0.280691388261675,1.5803675129423211,-0.12816174648314763,0.0,1.0,1.0,1,train
1.0,0.0,1.0,0.0,0.0,-0.12037975776625301,-0.41682997448648273,0.280691388261675,-0.9471421222756509,-0.2879004122702478,0.0,0.0,0.0,0,train
0.0,0.0,0.0,0.0,1.0,-0.3144481081161489,-0.06727413067332899,0.280691388261675,-0.9471421222756509,-0.0883817799063932,0.0,1.0,0.0,1,train
0.0,0.0,0.0,0.0,1.0,-0.6070181236486265,-0.323615708848252,0.280691388261675,0.5261660473410941,-0.06262899548191769,0.0,1.0,1.0,1,train
1.0,1.0,0.0,0.0,0.0,-0.3380412408539409,0.05722003183934124,0.280691388261675,-0.9471421222756509,-0.024833140850792315,0.0,1.0,0.0,0,train
1.0,0.0,0.0,0.0,0.0,2.6685400658771457,2.9887765063865386,0.280691388261675,-0.048742159284036586,-0.16767859278169642,0.0,1.0,1.0,0,train
1.0,0.0,0.0,0.0,1.0,1.7112597739533397,-1.2273220278599801,0.280691388261675,-0.9471421222756509,-0.7536081683779572,2.0,1.0,0.0,1,train
0.0,0.0,0.0,0.0,1.0,0.09344611167723663,-0.19993752034219767,0.280691388261675,0.2906909296874048,-0.29274703801839963,1.0,1.0,1.0,1,train
1.0,1.0,0.0,0.0,0.0,-0.9413394535219792,-0.9360180229467153,-2.486767881547207,-0.9471421222756509,0.5833296489053662,3.0,1.0,0.0,0,train
1.0,0.0,0.0,0.0,1.0,-0.3904142973974527,0.10199805767587765,0.280691388261675,1.2227714057362662,0.021034995529729223,0.0,1.0,1.0,1,train
0.0,0.0,0.0,0.0,1.0,-1.6646861832251059,-5.191401152330096,0.280691388261675,-0.9471421222756509,-0.7835293539574082,0.0,1.0,0.0,0,train
0.0,1.0,0.0,0.0,1.0,-1.9834650113139713,-0.019686251591508733,0.280691388261675,-0.9471421222756509,1.1662960459095844,0.0,1.0,0.0,0,train
1.0,1.0,0.0,0.0,0.0,0.4960547349617521,0.32538535191889467,0.280691388261675,1.335423614310946,-0.26570954660594537,0.0,0.0,1.0,0,train
1.0,0.0,0.0,0.0,0.0,0.3148722395675642,-0.13251822575356637,0.280691388261675,1.6852123570698814,-0.34362228896677405,0.0,1.0,1.0,1,train
0.0,0.0,0.0,1.0,0.0,1.4465191803183757,2.2990680812049393,0.280691388261675,-0.9471421222756509,0.11242322379044148,0.0,1.0,0.0,1,train
0.0,0.0,0.0,1.0,0.0,0.21489695416253193,0.7203761218562649,0.280691388261675,0.2905591964987726,0.0018402722063224311,0.0,1.0,1.0,0,train
0.0,0.0,0.0,0.0,1.0,-0.14838850460666111,0.5265340201092831,0.280691388261675,-0.9471421222756509,0.09816295167273655,0.0,1.0,0.0,1,train
1.0,1.0,0.0,0.0,0.0,0.49149547780344555,0.7203761218562649,0.280691388261675,-0.9471421222756509,-0.12475004203259846,2.0,1.0,0.0,1,train
1.0,1.0,0.0,0.0,0.0,0.06913191593693094,1.0506833348907063,0.280691388261675,-0.9471421222756509,0.2518970286785337,0.0,0.0,0.0,0,train
0.0,1.0,0.0,0.0,1.0,-0.5857697662375485,-0.14916351764279945,0.280691388261675,1.41365837321043,0.0034945473932266693,0.0,1.0,1.0,1,train
0.0,0.0,0.0,0.0,0.0,-0.5698859304472945,0.23067412725749403,0.280691388261675,0.8174089613656571,0.18355210625771975,0.0,1.0,1.0,1,train
1.0,0.0,0.0,0.0,0.0,0.8527187115120246,0.7527350769598834,-2.486767881547207,-0.9471421222756509,0.3991521500887974,0.0,1.0,0.0,1,train
1.0,0.0,1.0,0.0,1.0,0.5201031782986879,1.244277177728672,0.280691388261675,-0.9471421222756509,0.09191740082606878,1.0,1.0,0.0,1,train
1.0,0.0,0.0,0.0,1.0,-0.4932781204183028,-0.6172305784745311,0.280691388261675,0.4379381093119523,-0.2212670199922415,0.0,1.0,1.0,1,train
1.0,1.0,0.0,0.0,0.0,-0.5797435495319425,-0.323615708848252,0.280691388261675,1.0756190031432333,-0.07502691478561326,0.0,1.0,1.0,1,train
1.0,0.0,0.0,0.0,0.0,-0.31482025212166687,-0.7254056428312404,-2.486767881547207,1.177740794803972,0.2716438420281914,0.0,0.0,1.0,1,train
1.0,0.0,0.0,0.0,0.0,0.03989329698800286,0.42845945666931523,0.280691388261675,-0.9471421222756509,-0.042590618380262686,1.0,1.0,0.0,1,train
0.0,0.0,0.0,0.0,0.0,1.1053272071527405,0.9658152933156462,0.280691388261675,0.8129899794983084,-0.273535378896292,0.0,0.0,1.0,0,train
1.0,0.0,0.0,1.0,0.0,0.3927949140010791,0.9464621164619053,0.280691388261675,0.9741035466263971,0.01628643268773742,0.0,1.0,1.0,1,train
0.0,1.0,0.0,0.0,1.0,-2.5857544793020932,-2.6008513697635895,0.280691388261675,-0.9471421222756509,-0.12013709303131039,0.0,1.0,0.0,0,train
1.0,1.0,0.0,1.0,0.0,-0.6223469797663486,-0.23450915788532117,-2.486767881547207,-0.9471421222756509,0.8722391894813234,0.0,1.0,0.0,1,train
0.0,0.0,0.0,1.0,0.0,-0.8745821900262793,-0.6172305784745311,0.280691388261675,-0.9471421222756509,-0.06375228252788048,1.0,1.0,0.0,1,train
0.0,1.0,0.0,1.0,0.0,-0.7157107015263059,-0.6384076468223703,0.280691388261675,0.44754950345023975,-0.14149834416993692,1.0,1.0,1.0,1,train
0.0,0.0,0.0,0.0,0.0,0.8826881917708063,1.7664713240951178,0.280691388261675,0.701770720723481,0.1560914267738277,0.0,1.0,1.0,0,train
1.0,0.0,0.0,1.0,0.0,-0.6000529021457297,-0.41682997448648273,-3.962746158778611,-0.028668374641585413,2.531380987114043,1.0,1.0,1.0,1,train
1.0,0.0,1.0,0.0,0.0,-1.8264661412820788,-1.3445949676217943,-0.6417950350079523,-0.9471421222756509,0.2714059177989184,1.0,0.0,0.0,0,train
1.0,0.0,1.0,0.0,1.0,1.2647240171323304,0.687490981879646,-2.486767881547207,-0.27710343444457036,0.10426049608858803,1.0,1.0,1.0,1,train
1.0,0.0,1.0,1.0,0.0,2.2096033694748316,3.092334531589717,0.280691388261675,-0.9471421222756509,0.0910722471027043,1.0,1.0,0.0,1,train
0.0,1.0,0.0,0.0,0.0,-0.45272400893183734,-0.05128676245298645,0.280691388261675,0.9491849491211685,-0.017580985734893438,0.0,1.0,1.0,1,train
1.0,0.0,0.0,0.0,1.0,1.1861723051639896,0.8772292394725536,0.280691388261675,2.145025510205905,-0.3267646460803091,2.0,1.0,1.0,1,train
1.0,1.0,0.0,0.0,1.0,-0.998700178150167,-1.534333225214702,-0.6417950350079523,0.8715418723118986,-0.22318001462742781,2.0,1.0,1.0,1,train
1.0,0.0,1.0,0.0,0.0,0.3499696973560951,0.6200716872910129,0.280691388261675,1.815717818581097,-0.10339980672482225,2.0,1.0,1.0,1,train
0.0,0.0,0.0,1.0,0.0,-1.4185846488802616,-1.2273220278599801,0.280691388261675,-0.9471421222756509,-0.07213609819182466,0.0,1.0,0.0,1,train
1.0,0.0,1.0,0.0,1.0,2.399534567966365,1.2358680531476565,0.280691388261675,3.001389596742648,-0.5477925105748043,2.0,1.0,1.0,0,train
1.0,1.0,0.0,1.0,0.0,-0.8918095329286748,-0.26968207135020994,-2.486767881547207,0.9681904279944193,1.116605963878244,2.0,1.0,1.0,1,train
1.0,1.0,0.0,0.0,0.0,-0.9195060846920472,-0.06727413067332899,0.280691388261675,0.5544964557146413,0.22961239735840247,2.0,0.0,1.0,0,train
1.0,0.0,0.0,0.0,1.0,-0.182363126818155,0.27180893274695556,0.280691388261675,0.6846899597210427,-0.00492048109513339,2.0,1.0,1.0,1,train
0.0,0.0,0.0,0.0,1.0,0.2655626784422521,-0.019686251591508733,0.280691388261675,-0.9471421222756509,-0.2949406803744571,0.0,1.0,0.0,0,train
1.0,0.0,0.0,0.0,0.0,-0.7005059476036962,-0.3790271626692418,0.280691388261675,1.4241016795670873,-0.04291329792977414,1.0,1.0,1.0,1,train
1.0,0.0,0.0,1.0,0.0,0.6449363297193262,1.2940106235862263,0.280691388261675,-0.9471421222756509,0.049841099278147484,2.0,1.0,0.0,1,train
0.0,0.0,0.0,0.0,1.0,-1.342267462154212,-1.1990363703024542,0.280691388261675,-0.9471421222756509,-0.09455854139509261,0.0,1.0,0.0,1,train
1.0,0.0,0.0,1.0,0.0,0.9895016330383658,-0.019686251591508733,-1.5642814582775797,-0.9471421222756509,-0.2872763336067833,0.0,1.0,0.0,1,train
1.0,0.0,0.0,1.0,0.0,-0.39935468302825705,-0.2875006143516613,0.280691388261675,-0.22543038010687366,-0.13885875463109362,0.0,1.0,1.0,1,train
0.0,0.0,0.0,1.0,0.0,-0.01210236628042863,-0.14916351764279945,0.280691388261675,0.5757063084413602,-0.23992180344778075,2.0,1.0,1.0,1,train
1.0,0.0,0.0,1.0,0.0,2.5789119351781444,1.9989047173046213,0.280691388261675,1.0173291098520367,-0.43143152401569446,1.0,1.0,1.0,0,train
1.0,0.0,0.0,0.0,1.0,0.12214708443990133,0.5738435820437626,0.280691388261675,1.1368065724248453,-0.01836774246207271,0.0,1.0,1.0,1,train
0.0,0.0,0.0,1.0,0.0,-0.8125961622919905,-1.8964388551754523,0.280691388261675,1.142725706386012,-0.4774221996577862,0.0,1.0,1.0,1,train
0.0,0.0,0.0,0.0,1.0,-0.9917003492967698,0.13130859314920248,0.280691388261675,-0.9471421222756509,0.39784747599187714,2.0,1.0,0.0,0,train
1.0,0.0,0.0,0.0,1.0,2.844417985229058,2.6418919855493197,0.280691388261675,0.08670696311891632,-0.34088732775048464,0.0,1.0,1.0,1,train
1.0,0.0,1.0,0.0,1.0,0.27477419209819764,-0.7703495268339382,0.280691388261675,1.2426245880954128,-0.48801792300416247,2.0,1.0,1.0,1,train
1.0,1.0,0.0,0.0,1.0,0.08417854394995854,-0.019686251591508733,0.280691388261675,1.228777680605686,-0.23169868519888268,0.0,0.0,1.0,0,train
1.0,0.0,0.0,1.0,0.0,-0.42446306339560014,0.13130859314920248,0.280691388261675,0.3487349957850061,0.05222111718488577,0.0,1.0,1.0,1,train
1.0,0.0,0.0,1.0,0.0,-0.39235417216134605,0.04207096064570286,0.280691388261675,0.7352569268797622,-0.005284918217773006,2.0,0.0,1.0,0,train
1.0,0.0,0.0,0.0,1.0,-0.1096939267241195,0.5265340201092831,0.280691388261675,0.22919485449218674,0.07728658415235314,2.0,1.0,1.0,1,train
1.0,0.0,0.0,0.0,0.0,-0.0607382980547987,0.2853366858475731,0.280691388261675,0.35372566624457596,-0.056802264105499635,0.0,0.0,1.0,0,train
1.0,1.0,0.0,0.0,1.0,-0.31780011349603704,-0.14916351764279945,0.280691388261675,1.0879699637232887,-0.11965989570293059,0.0,1.0,1.0,1,train
0.0,0.0,0.0,0.0,1.0,-1.5880864739986005,-1.5677619457746144,0.280691388261675,-0.9471421222756509,-0.13541845680394854,0.0,1.0,0.0,1,train
0.0,0.0,0.0,1.0,0.0,-0.32452247653450783,0.5024576459011421,0.280691388261675,-0.9471421222756509,0.18577919632409592,2.0,0.0,0.0,1,train
0.0,0.0,0.0,0.0,1.0,-0.9650230964092106,-1.743733019175354,0.280691388261675,1.0961463883355782,-0.4031854325774067,0.0,1.0,1.0,1,train
1.0,0.0,0.0,1.0,0.0,1.0688104129903024,0.9561618547101842,0.280691388261675,1.3393547581495209,-0.26395832606555186,2.0,1.0,1.0,1,train
1.0,1.0,0.0,0.0,1.0,-0.2816247793796224,-0.30547754647861824,-2.486767881547207,0.4407601164076613,0.5205031897529322,1.0,1.0,1.0,1,train
1.0,0.0,0.0,1.0,0.0,-0.13720144962785066,0.35165054638410453,0.280691388261675,0.8392170974821981,0.008901932850956248,0.0,1.0,1.0,1,train
1.0,0.0,1.0,1.0,0.0,0.334337029157732,0.7420061841690315,0.280691388261675,0.12744181111945416,-0.04596362804624992,3.0,1.0,1.0,1,train
1.0,1.0,0.0,1.0,0.0,0.9364915467192861,1.5476210851435692,-2.486767881547207,2.154845752718085,0.9448242727037923,1.0,1.0,1.0,1,train
0.0,0.0,0.0,0.0,1.0,-1.1294700175721066,-1.1990363703024542,0.280691388261675,-0.9471421222756509,-0.1831114738991296,0.0,0.0,0.0,0,train
1.0,0.0,0.0,1.0,0.0,-0.18965112290140365,0.10199805767587765,0.280691388261675,0.8320452492465079,-0.07470457410521478,0.0,0.0,1.0,0,train
0.0,1.0,0.0,0.0,0.0,-1.3936837916087357,-1.3750074437031954,-0.6417950350079523,-0.9471421222756509,0.010691915435986812,0.0,1.0,0.0,0,train
1.0,1.0,0.0,0.0,1.0,-0.7778165451516704,-0.6172305784745311,0.280691388261675,0.7324764833139256,-0.1068644611815544,0.0,1.0,1.0,1,train
1.0,0.0,0.0,1.0,0.0,-0.7730375570164605,-0.5962729655604662,0.280691388261675,-0.9471421222756509,-0.10054450096477191,2.0,1.0,0.0,1,train
0.0,0.0,0.0,1.0,0.0,0.12244065449757989,0.2167744742757309,0.280691388261675,0.5989204169479284,-0.16299765665614382,0.0,1.0,1.0,1,train
0.0,0.0,0.0,0.0,0.0,0.5645093354397306,0.5738435820437626,0.280691388261675,1.3521239824476186,-0.20788458284690747,0.0,1.0,1.0,1,train
0.0,0.0,1.0,0.0,1.0,1.875243634298261,0.7950903747320927,0.280691388261675,-0.9471421222756509,-0.5234883903285314,0.0,0.0,0.0,0,train
0.0,0.0,0.0,1.0,0.0,-0.3350284864735304,-0.4748930499643301,0.280691388261675,-0.9471421222756509,-0.23134134518460184,0.0,1.0,0.0,1,train
1.0,0.0,0.0,0.0,1.0,-0.4900007365999091,-0.26968207135020994,0.280691388261675,0.37956453531449746,-0.09296089605900627,2.0,1.0,1.0,1,train
1.0,1.0,0.0,1.0,0.0,-1.1604239368450522,-0.5549982360699831,0.280691388261675,3.030886782849545,0.10873422332809238,2.0,1.0,1.0,1,train
1.0,0.0,0.0,1.0,0.0,-0.18860821379172235,0.026807555757940034,0.280691388261675,1.9019693649710097,-0.10572317665685502,0.0,1.0,1.0,1,train
0.0,0.0,1.0,1.0,0.0,0.34607394861523605,-0.8633494311864762,0.280691388261675,-0.9471421222756509,-0.5221721310307866,0.0,1.0,0.0,1,train
1.0,0.0,0.0,0.0,1.0,-0.932470943919413,-0.514549056768722,0.280691388261675,1.1242136581685003,0.008891859754230137,0.0,1.0,1.0,1,train
1.0,0.0,0.0,0.0,1.0,-0.5818935076392313,-0.514549056768722,0.280691388261675,-0.9471421222756509,-0.14969490288286702,3.0,1.0,0.0,1,train
1.0,1.0,1.0,1.0,0.0,-0.12071469075382424,0.011428078235602254,0.280691388261675,0.7325671484399567,-0.14057535307447513,3.0,1.0,1.0,1,train
0.0,0.0,0.0,1.0,0.0,-0.9629055112415242,0.3646563246339822,-4.700735297394313,-0.9471421222756509,13.512299783280673,1.0,1.0,0.0,0,train
1.0,0.0,0.0,1.0,0.0,0.6451573746404681,0.8772292394725536,0.280691388261675,0.6733762303115136,-0.12900183217039363,3.0,1.0,1.0,1,train
1.0,0.0,1.0,0.0,0.0,2.015865464295441,0.2987745528819101,0.280691388261675,-0.7005992146907647,-0.6291477489525072,2.0,1.0,1.0,1,train
0.0,1.0,0.0,1.0,0.0,-1.0291610840695746,-0.9608329544971649,-4.700735297394313,-0.9471421222756509,6.808247148575005,0.0,1.0,0.0,0,train
1.0,0.0,0.0,0.0,0.0,0.3652135448904669,0.1886852512332409,-2.486767881547207,1.018574744127648,0.3784800963081272,0.0,1.0,1.0,1,train
0.0,0.0,0.0,0.0,0.0,0.46097148428431906,0.31212372047771314,2.12566423480093,0.4897862195712576,-0.4197880138567808,0.0,1.0,1.0,0,train
0.0,1.0,1.0,1.0,0.0,-0.5690312336594964,0.7740236056151697,0.280691388261675,0.5781946403279942,0.5210517372733197,1.0,1.0,1.0,0,train
0.0,0.0,1.0,1.0,0.0,-0.5664695198380985,-0.5346725217856375,-0.6417950350079523,0.7489429549721536,-0.014987726214406917,0.0,1.0,1.0,0,train
0.0,0.0,0.0,0.0,0.0,-0.7956073813177514,-0.2875006143516613,0.280691388261675,-0.9471421222756509,0.04529875835194777,1.0,1.0,0.0,1,train
1.0,1.0,0.0,0.0,1.0,-0.46277915283757304,-0.23450915788532117,0.280691388261675,1.2938463199611416,-0.09070936717781118,0.0,1.0,1.0,1,train
1.0,0.0,0.0,0.0,0.0,0.29573406135871916,0.2987745528819101,0.280691388261675,1.1733121961778312,-0.20153599292788332,3.0,1.0,1.0,1,train
0.0,0.0,0.0,0.0,1.0,0.03989329698800286,0.17449297160115532,0.280691388261675,-0.9471421222756509,-0.1451301122262764,0.0,1.0,0.0,1,train
0.0,0.0,0.0,0.0,1.0,-0.8258096789203918,-0.26968207135020994,2.12566423480093,-0.9471421222756509,-0.17427291574040665,0.0,1.0,0.0,0,train
0.0,1.0,0.0,1.0,0.0,-0.2268847415403504,0.04207096064570286,0.280691388261675,-0.9471421222756509,-0.08267946529853504,1.0,1.0,0.0,1,train
0.0,0.0,0.0,0.0,1.0,-1.1949048839221066,-1.1990363703024542,2.12566423480093,-0.9471421222756509,-0.344242532673367,0.0,1.0,0.0,0,train
1.0,1.0,0.0,0.0,0.0,-0.6022267064015409,0.5855000497478912,0.280691388261675,0.6512578364226493,0.4169927033649918,3.0,1.0,1.0,0,train
1.0,0.0,0.0,1.0,0.0,-0.23542050457688476,-0.25201915079875786,0.280691388261675,0.4286617417947545,-0.1916584533420453,0.0,1.0,1.0,1,train
1.0,1.0,0.0,0.0,1.0,0.48981290318699733,-0.4359997061454893,0.280691388261675,-0.9471421222756509,-0.46644495050725115,0.0,0.0,0.0,0,train
1.0,1.0,0.0,0.0,1.0,-0.38538016171443956,-0.019686251591508733,0.280691388261675,1.3126482584731127,-0.03588284018243947,1.0,1.0,1.0,1,train
1.0,0.0,0.0,0.0,0.0,-0.3908021089751507,-0.6172305784745311,0.280691388261675,0.9233095299400419,-0.25832686769288526,3.0,1.0,1.0,1,train
1.0,1.0,1.0,1.0,0.0,-0.26669845435180534,-0.7932016518752706,0.280691388261675,-0.32930572605256714,-0.35152643282722507,0.0,1.0,1.0,0,train
1.0,0.0,0.0,0.0,1.0,-0.4631825023505239,-0.514549056768722,0.280691388261675,-0.9471421222756509,-0.19690691868382867,2.0,1.0,0.0,0,train
0.0,0.0,0.0,0.0,0.0,0.08567646979315399,0.04207096064570286,0.280691388261675,1.1223224453997178,-0.21118955511669413,0.0,1.0,1.0,1,train
1.0,0.0,0.0,0.0,0.0,-0.45633754175372604,-0.2875006143516613,0.280691388261675,-0.9471421222756509,-0.11475227051439367,0.0,1.0,0.0,0,train
1.0,0.0,0.0,1.0,0.0,0.9552657731178572,0.6086133475858632,0.280691388261675,0.8547047857552952,-0.33148605749898313,0.0,1.0,1.0,1,train
0.0,0.0,0.0,1.0,0.0,-0.5870636669530682,0.07225646949181026,0.280691388261675,1.2594849783793822,0.11032547408085643,0.0,1.0,1.0,1,train
1.0,0.0,0.0,0.0,1.0,0.2062220287871634,0.49031111360488727,0.280691388261675,-0.00490592823892244,-0.09249082168009481,0.0,0.0,1.0,0,train
0.0,0.0,1.0,0.0,0.0,0.1587733555235028,0.8772292394725536,0.280691388261675,-0.9471421222756509,0.10582180692317836,0.0,1.0,0.0,1,train
1.0,0.0,0.0,1.0,0.0,-0.4177602028861747,-0.019686251591508733,0.280691388261675,0.19185741205655063,-0.02044983698301273,3.0,0.0,1.0,0,train
1.0,0.0,1.0,0.0,1.0,1.647849844456187,0.42845945666931523,-2.486767881547207,0.1959334808489113,-0.18465202555330187,1.0,0.0,1.0,0,train
1.0,0.0,0.0,0.0,1.0,0.26610580901607167,-0.323615708848252,0.280691388261675,0.5935535355632284,-0.3810371354315918,0.0,1.0,1.0,0,train
1.0,0.0,1.0,1.0,0.0,-0.9745824663941576,-3.2589828819215003,-3.4092543048168347,-0.9471421222756509,-0.20398020836568082,0.0,1.0,0.0,1,train
1.0,0.0,0.0,1.0,0.0,-1.2633724434884182,-0.9360180229467153,0.280691388261675,-0.9471421222756509,-0.019083353180172544,2.0,1.0,0.0,1,train
1.0,0.0,0.0,0.0,1.0,-0.4615696338797699,0.42845945666931523,0.280691388261675,-0.24356042655771187,0.22760443162512678,0.0,1.0,1.0,1,train
0.0,0.0,1.0,1.0,0.0,0.7081666620636883,0.2987745528819101,0.280691388261675,-0.9471421222756509,-0.3428698313909016,1.0,1.0,0.0,1,train
0.0,0.0,1.0,1.0,0.0,0.8584367733505577,1.6394032925915045,0.280691388261675,-0.9471421222756509,0.10441593562924321,3.0,1.0,0.0,1,train
1.0,0.0,0.0,0.0,0.0,0.39684615014279706,0.5738435820437626,-3.962746158778611,0.8094475755987535,2.3713243486512185,1.0,1.0,1.0,0,train
1.0,0.0,0.0,1.0,0.0,0.10977470766963378,-0.26968207135020994,0.280691388261675,0.979781906353356,-0.318943595173553,0.0,1.0,1.0,1,train
1.0,1.0,0.0,1.0,0.0,-0.35850722795990636,-0.514549056768722,0.280691388261675,-0.07978867427677101,-0.23608538020017697,3.0,1.0,1.0,1,train
1.0,0.0,0.0,0.0,1.0,-1.219066527194537,-0.5346725217856375,0.280691388261675,-0.9471421222756509,0.15225776039682318,3.0,1.0,0.0,1,train
1.0,0.0,0.0,0.0,0.0,1.2383232186315525,0.49031111360488727,0.280691388261675,0.22724048211229947,-0.4414856745318038,2.0,1.0,1.0,1,train
0.0,0.0,0.0,1.0,0.0,-0.6347025635639291,-1.1990363703024542,0.280691388261675,-0.9471421222756509,-0.35342643221509196,0.0,1.0,0.0,1,train
1.0,0.0,0.0,0.0,0.0,-0.03146676140943967,-0.004069250838178115,0.280691388261675,1.5153133034081727,-0.18239170091897944,0.0,1.0,1.0,1,train
1.0,0.0,0.0,0.0,0.0,2.318191545881296,-0.019686251591508733,0.280691388261675,-0.9471421222756509,-0.7055317012068185,0.0,1.0,0.0,0,train
0.0,1.0,0.0,0.0,1.0,-0.1358500474817566,-0.05128676245298645,-2.486767881547207,0.8152322331040016,0.5900657688718497,0.0,0.0,1.0,0,train
1.0,1.0,0.0,0.0,1.0,-0.20046256248260927,-0.323615708848252,0.280691388261675,-0.10494864965860705,-0.2296856870084862,2.0,1.0,1.0,1,train
1.0,0.0,0.0,0.0,0.0,-0.6587677679214268,-2.337833022407851,-2.486767881547207,-0.9471421222756509,-0.2751820613390983,3.0,1.0,0.0,1,train
1.0,1.0,0.0,0.0,1.0,-0.4928681284519833,0.16020039234110842,-2.486767881547207,0.934970824690374,1.1118690478289377,1.0,1.0,1.0,0,train
0.0,0.0,0.0,1.0,0.0,-1.5725520407593225,-0.5962729655604662,2.12566423480093,-0.9471421222756509,0.02648861957915721,0.0,1.0,0.0,0,train
1.0,0.0,0.0,1.0,0.0,0.008934764877915648,0.5855000497478912,0.280691388261675,0.8598130711734009,0.0433925432747356,1.0,1.0,1.0,1,train
1.0,0.0,0.0,0.0,1.0,-0.4106895374745967,-0.14916351764279945,0.280691388261675,0.9726612307642806,-0.07898293722861596,0.0,1.0,1.0,1,train
0.0,1.0,0.0,0.0,0.0,-0.855017770130753,-0.323615708848252,0.280691388261675,-0.9471421222756509,0.058941450416771284,0.0,1.0,0.0,1,train
0.0,0.0,0.0,0.0,1.0,1.0545296380676428,1.3977457486229574,0.280691388261675,-0.9471421222756509,-0.10029215806220987,0.0,1.0,0.0,1,train
0.0,0.0,0.0,1.0,0.0,1.0124600609496197,1.6668259710243647,0.280691388261675,0.8268676225072328,0.03609370972892607,0.0,1.0,1.0,1,train
1.0,0.0,0.0,1.0,0.0,0.22714003672125488,0.31212372047771314,0.280691388261675,0.9308180855501254,-0.16993011247325374,1.0,1.0,1.0,0,train
1.0,1.0,0.0,0.0,0.0,-0.6614611878354579,-0.08338888962458542,0.280691388261675,-0.9471421222756509,0.07324346966144743,0.0,1.0,0.0,1,train
1.0,1.0,0.0,1.0,0.0,-1.347475377687465,-0.6384076468223703,2.12566423480093,0.19104136424859008,-0.09799155590302737,3.0,1.0,1.0,1,train
1.0,0.0,0.0,0.0,0.0,2.578447626637934,2.1167472646037777,0.280691388261675,-0.9471421222756509,-0.40274410452755494,3.0,1.0,0.0,1,train
1.0,0.0,0.0,1.0,0.0,0.06882972633680146,0.2987745528819101,0.280691388261675,0.023283238482454293,-0.10917643019512592,2.0,1.0,1.0,1,train
0.0,0.0,0.0,0.0,1.0,-1.6210658539724563,-1.0896912789834223,0.280691388261675,-0.9471421222756509,0.0912770013819602,0.0,1.0,0.0,0,train
1.0,1.0,1.0,0.0,0.0,-0.05361891880202708,0.011428078235602254,0.280691388261675,-0.9471421222756509,-0.16795798869062484,3.0,1.0,0.0,1,train
0.0,0.0,0.0,0.0,0.0,-0.1446519332467294,0.08718193611360721,0.280691388261675,0.36172194393570584,-0.10073464351421609,0.0,1.0,1.0,1,train
1.0,0.0,1.0,0.0,0.0,0.22464238023604338,-0.019686251591508733,0.280691388261675,-0.9471421222756509,-0.28121236415822237,2.0,0.0,0.0,0,train
1.0,0.0,0.0,0.0,0.0,-2.0973992326387747,-1.501448085238083,0.280691388261675,-0.9471421222756509,0.14457553500047932,1.0,1.0,0.0,0,train
0.0,0.0,0.0,0.0,0.0,-0.11870600559057459,-0.019686251591508733,0.280691388261675,0.323273750698956,-0.15317386715726314,0.0,1.0,1.0,1,train
0.0,1.0,1.0,0.0,1.0,2.080470701022228,-0.06727413067332899,0.280691388261675,-0.9471421222756509,-0.683256342023313,0.0,1.0,0.0,1,train
1.0,0.0,1.0,1.0,0.0,-1.3023976578543834,-0.6172305784745311,0.280691388261675,-0.9471421222756509,0.15650433558309126,1.0,1.0,0.0,1,train
1.0,0.0,0.0,0.0,0.0,-0.37074338015940866,-0.323615708848252,0.280691388261675,0.8435388069441286,-0.16417353043131405,0.0,1.0,1.0,1,train
1.0,0.0,0.0,0.0,0.0,0.008934764877915648,-0.09963308577694752,0.280691388261675,0.8598130711734009,-0.23102180243270548,3.0,0.0,1.0,0,train
0.0,1.0,0.0,1.0,0.0,-0.17752043073217683,-0.30547754647861824,0.280691388261675,0.9763230478252735,-0.2319852376449417,0.0,1.0,1.0,1,train
1.0,0.0,0.0,0.0,0.0,-0.05329596343384765,-0.14916351764279945,0.280691388261675,0.5480942930608717,-0.22485613929352855,0.0,1.0,1.0,1,train
1.0,0.0,0.0,0.0,1.0,-0.7654168682058144,-1.3146330633475283,0.280691388261675,-0.9471421222756509,-0.34620501102448686,1.0,1.0,0.0,0,train
0.0,0.0,0.0,0.0,1.0,-0.8258096789203918,-0.514549056768722,0.280691388261675,-0.9471421222756509,-0.042590618380262686,0.0,1.0,0.0,1,train
1.0,1.0,0.0,0.0,1.0,0.21768662594489113,0.11670642467340243,-2.486767881547207,-0.9471421222756509,0.43658909862411177,1.0,1.0,0.0,1,train
1.0,0.0,0.0,1.0,0.0,0.7445443116159719,-1.2273220278599801,-2.486767881547207,2.284620660136134,-0.3906962598708588,0.0,1.0,1.0,0,train
0.0,0.0,0.0,0.0,1.0,-1.042924026405448,-1.2273220278599801,0.280691388261675,-0.9471421222756509,-0.22601433753443761,0.0,1.0,0.0,1,train
1.0,0.0,1.0,1.0,0.0,0.8979738555305534,0.7845844209866044,0.280691388261675,-0.9471421222756509,-0.259140661538878,0.0,1.0,0.0,1,train
0.0,0.0,0.0,0.0,0.0,0.820646741714242,0.7203761218562649,0.280691388261675,-0.9471421222756509,-0.25259956491474295,3.0,1.0,0.0,1,train
1.0,1.0,0.0,1.0,0.0,0.5113297452762648,0.7420061841690315,2.12566423480093,-0.052990745904410295,-0.32009138780394014,2.0,1.0,1.0,0,train
1.0,1.0,0.0,0.0,1.0,-1.306218534909519,-2.1051177824209453,-2.486767881547207,-0.9471421222756509,0.10266946144094725,2.0,0.0,0.0,0,train
0.0,0.0,0.0,0.0,0.0,1.0137271788822908,0.45342757068891326,0.280691388261675,0.9999106738340561,-0.3907859423284679,2.0,1.0,1.0,1,train
1.0,1.0,0.0,1.0,0.0,-1.1335285848315688,-1.1164783136135623,0.280691388261675,-0.9471421222756509,-0.15090111596870062,3.0,1.0,0.0,1,train
0.0,0.0,0.0,0.0,0.0,1.2647240171323304,1.1143143851094741,0.280691388261675,-0.3381489668328903,-0.2815567590368576,0.0,1.0,1.0,0,train
0.0,0.0,0.0,1.0,0.0,-0.6039675984687662,-0.2875006143516613,0.280691388261675,-0.9471421222756509,-0.04871466429865092,0.0,1.0,0.0,0,train
1.0,0.0,0.0,1.0,0.0,-0.22901497753763286,0.3646563246339822,0.280691388261675,-0.9471421222756509,0.061910880702514375,2.0,1.0,0.0,1,train
1.0,0.0,0.0,0.0,1.0,-1.0401632003334738,-0.019686251591508733,0.280691388261675,0.4900855705365819,0.3356068273082925,0.0,1.0,1.0,1,train
1.0,0.0,0.0,0.0,1.0,-0.7124749480282374,-1.8964388551754523,-1.5642814582775797,-0.9471421222756509,-0.2971124470578516,1.0,1.0,0.0,1,train
0.0,0.0,0.0,0.0,0.0,0.10355722057047538,-0.7477527381414021,0.280691388261675,1.1490189991566295,-0.4420818240564679,0.0,1.0,1.0,1,train
1.0,0.0,0.0,0.0,0.0,-0.4028649392056104,0.3646563246339822,0.280691388261675,0.8153860252980111,0.15772526214799348,0.0,1.0,1.0,1,train
1.0,0.0,0.0,1.0,0.0,1.712993819025741,-0.5962729655604662,0.280691388261675,-0.9471421222756509,-0.697172107108636,0.0,1.0,0.0,1,train
1.0,1.0,0.0,1.0,0.0,-0.7455612606888015,-0.08338888962458542,0.280691388261675,-0.9471421222756509,0.11899695318041757,2.0,1.0,0.0,1,train
0.0,1.0,0.0,0.0,0.0,0.10503947899225533,0.05722003183934124,0.280691388261675,-0.9471421222756509,-0.2132466749945388,0.0,1.0,0.0,0,train
0.0,0.0,0.0,1.0,0.0,-0.2959361065664097,-0.45535288299923016,0.280691388261675,-0.9471421222756509,-0.23903470132736285,0.0,0.0,0.0,0,train
1.0,0.0,0.0,0.0,0.0,-0.8023841058539739,-0.2875006143516613,0.280691388261675,2.166396775403328,0.04880568776667907,0.0,1.0,1.0,1,train
0.0,0.0,0.0,0.0,1.0,0.07003818744477787,0.44098204496396876,0.280691388261675,1.0924211481500723,-0.051297728428025165,0.0,1.0,1.0,1,train
1.0,0.0,0.0,0.0,1.0,0.5543206278098491,1.5185214241345362,0.280691388261675,-0.9471421222756509,0.2164129848033368,0.0,1.0,0.0,0,train
0.0,0.0,0.0,1.0,0.0,-1.2771256718147714,-0.5549982360699831,0.280691388261675,-0.9471421222756509,0.17512077893647784,0.0,1.0,0.0,1,train
1.0,1.0,0.0,1.0,0.0,-0.9153765253433725,-0.514549056768722,0.280691388261675,1.0155390193120786,0.0004388621515707496,0.0,1.0,1.0,1,train
1.0,0.0,1.0,0.0,1.0,1.860446887507349,1.4055092573811037,0.280691388261675,-0.9471421222756509,-0.3838086284620743,0.0,1.0,0.0,1,train
1.0,0.0,0.0,0.0,1.0,-0.2060675834040458,-0.6384076468223703,0.280691388261675,-0.9471421222756509,-0.3263089171421656,3.0,1.0,0.0,0,train
1.0,0.0,0.0,1.0,0.0,-0.05200470780498966,0.5503271362830024,0.280691388261675,0.9826024510674127,0.05831129936442252,1.0,1.0,1.0,0,train
1.0,0.0,0.0,0.0,0.0,-0.12339634900468191,0.14580608568243383,0.280691388261675,0.9291690858467432,-0.08638630170683903,0.0,1.0,1.0,1,train
0.0,0.0,0.0,1.0,0.0,1.1759271867019891,0.11670642467340243,0.280691388261675,2.497531802679559,-0.5070361785340259,0.0,0.0,1.0,1,train
1.0,0.0,1.0,0.0,0.0,1.553919213410162,2.1491927446843277,0.280691388261675,0.6097174454829861,-0.01405854980408655,1.0,0.0,1.0,0,train
1.0,0.0,0.0,1.0,0.0,1.3019276517101763,0.7527350769598834,-2.486767881547207,1.0783113560909334,0.11670248326507282,2.0,1.0,1.0,1,train
0.0,0.0,0.0,1.0,0.0,-0.9965435505781034,-0.03542478664660795,0.280691388261675,-0.9471421222756509,0.29707086288231765,0.0,1.0,0.0,0,train
1.0,1.0,0.0,0.0,0.0,-0.19487454259860762,-0.2875006143516613,0.280691388261675,0.6005447633333466,-0.2194737485205795,2.0,0.0,1.0,0,train
0.0,0.0,0.0,0.0,0.0,-0.2959361065664097,0.04207096064570286,0.280691388261675,-0.9471421222756509,-0.05122552312519011,0.0,1.0,0.0,1,train
1.0,0.0,0.0,0.0,0.0,1.5669647103138316,0.011428078235602254,0.280691388261675,0.6027642960040416,-0.5998453833464468,3.0,1.0,1.0,1,train
1.0,0.0,0.0,0.0,1.0,0.893729814318888,0.7420061841690315,0.280691388261675,-0.9471421222756509,-0.27122819369284756,1.0,1.0,0.0,1,train
1.0,0.0,0.0,1.0,0.0,-0.32041145183976927,0.16020039234110842,0.280691388261675,0.5904324546161687,0.01271197382478577,1.0,1.0,1.0,1,train
1.0,1.0,0.0,1.0,0.0,-0.4395346992154932,-0.41682997448648273,0.280691388261675,0.6664200288475026,-0.17094731053458992,0.0,1.0,1.0,1,train
0.0,0.0,0.0,0.0,0.0,-0.41382870567702157,-0.05128676245298645,0.280691388261675,0.741347701689027,-0.036146659615391465,0.0,1.0,1.0,1,train
1.0,0.0,0.0,1.0,0.0,-0.477355659682218,-0.08338888962458542,0.280691388261675,-0.7692621190785607,-0.019912320771646994,3.0,1.0,1.0,1,train
1.0,0.0,0.0,0.0,1.0,0.45950526940943276,0.8872659426924134,0.280691388261675,0.9595349354924261,-0.0423041251903181,1.0,1.0,1.0,0,train
1.0,0.0,0.0,0.0,1.0,1.5540541754184303,0.6652666752855875,0.280691388261675,1.317839808853527,-0.4790803087831901,1.0,0.0,1.0,0,train
1.0,1.0,0.0,0.0,0.0,0.1338535504725382,0.8159399567950343,0.280691388261675,0.4130939107733009,0.08883389001180744,0.0,1.0,1.0,1,train
0.0,1.0,1.0,1.0,0.0,1.9866455382138903,1.1143143851094741,0.280691388261675,-0.9471421222756509,-0.484039681847548,0.0,1.0,0.0,1,train
1.0,0.0,0.0,0.0,1.0,-1.0686317229814941,-1.011395376765554,-2.486767881547207,0.33187075884732614,0.6307995492507933,2.0,1.0,1.0,1,train
1.0,1.0,0.0,1.0,0.0,-1.2966811595469092,-0.5549982360699831,0.280691388261675,0.5815270378682516,0.1866625344551053,0.0,1.0,1.0,1,train
1.0,1.0,0.0,0.0,0.0,-0.42881323989866804,-0.323615708848252,0.280691388261675,-0.9471421222756509,-0.14041079896015904,2.0,1.0,0.0,1,train
0.0,0.0,0.0,0.0,0.0,0.1873322732998204,-0.41682997448648273,0.280691388261675,-0.9471421222756509,-0.38300513236298056,0.0,0.0,0.0,0,train
1.0,0.0,0.0,1.0,0.0,0.6231442480464222,-0.019686251591508733,0.280691388261675,0.9082794054938658,-0.40277152668415933,0.0,1.0,1.0,1,train
1.0,0.0,0.0,0.0,1.0,0.7451724751361991,1.3899523226087962,0.280691388261675,-0.9471421222756509,0.04337570229886523,2.0,0.0,0.0,0,train
1.0,0.0,0.0,1.0,0.0,0.6376269286707251,0.32538535191889467,-0.6417950350079523,-0.9471421222756509,-0.19448171389344476,1.0,0.0,0.0,0,train
1.0,1.0,0.0,0.0,1.0,-0.2619908575672602,-0.9360180229467153,0.280691388261675,0.5767600860303315,-0.39108947373463987,2.0,1.0,1.0,1,train
1.0,0.0,0.0,1.0,0.0,-0.47167330565041166,-0.4359997061454893,0.280691388261675,0.980054111592924,-0.1651321708660321,1.0,1.0,1.0,1,train
0.0,0.0,0.0,1.0,0.0,-0.2776082704408669,-0.18287082371840307,0.280691388261675,-0.9471421222756509,-0.14945825136203833,0.0,1.0,0.0,1,train
0.0,0.0,0.0,1.0,0.0,2.4747374717733885,-0.45535288299923016,0.280691388261675,2.843448327981916,-0.7578485614184222,0.0,1.0,1.0,1,train
1.0,0.0,0.0,0.0,1.0,-0.6695651549779165,-0.514549056768722,0.280691388261675,0.1288859728335984,-0.11282061287599816,1.0,1.0,1.0,1,train
1.0,0.0,0.0,1.0,0.0,1.142315900227149,1.3977457486229574,0.280691388261675,0.8432399350458709,-0.1377913133282309,0.0,1.0,1.0,1,train
1.0,0.0,1.0,0.0,0.0,0.4631686209705589,-0.3603874772845236,0.280691388261675,-0.21287211783834079,-0.4428842158272318,2.0,1.0,1.0,1,train
1.0,1.0,0.0,0.0,1.0,-0.20571676956064192,-0.05128676245298645,0.280691388261675,0.8135225336333579,-0.1290876645777842,2.0,1.0,1.0,1,train
1.0,1.0,0.0,0.0,1.0,0.10503947899225533,0.2167744742757309,0.280691388261675,1.0142414619339986,-0.15594458028278552,2.0,1.0,1.0,1,train
0.0,0.0,0.0,1.0,0.0,0.7134989346517552,0.31212372047771314,0.280691388261675,0.9294170938638261,-0.3407539091737175,0.0,1.0,1.0,1,train
1.0,1.0,0.0,0.0,0.0,-0.07734890179327268,-0.004069250838178115,0.280691388261675,0.13600394998933313,-0.16413878907928625,2.0,1.0,1.0,0,train
1.0,0.0,1.0,1.0,0.0,0.23378394676683145,0.42845945666931523,0.280691388261675,0.3854073671291384,-0.12886194391464162,2.0,1.0,1.0,1,train
0.0,0.0,0.0,0.0,0.0,-0.27287274917612536,-0.14916351764279945,0.280691388261675,0.807306800570947,-0.13860980406847465,0.0,1.0,1.0,1,train
0.0,0.0,0.0,0.0,0.0,-0.8545188401634376,-0.659808815292104,0.280691388261675,-0.9471421222756509,-0.09041938382819523,0.0,1.0,0.0,1,train
1.0,0.0,1.0,0.0,0.0,1.7417380973489631,2.6418919855493197,0.280691388261675,1.0747443778145924,0.12229184221164349,2.0,1.0,1.0,1,train
1.0,0.0,0.0,1.0,0.0,0.1230276543091556,0.07225646949181026,0.280691388261675,0.6398694602123028,-0.2148209950036369,0.0,1.0,1.0,1,train
0.0,0.0,1.0,0.0,0.0,-0.4130434120193303,-0.3978402429653701,0.280691388261675,-0.9471421222756509,-0.1745434466435406,1.0,1.0,0.0,0,train
1.0,1.0,0.0,0.0,0.0,0.8574521659341175,0.13130859314920248,0.280691388261675,1.470514463286135,-0.42826210169465617,1.0,1.0,1.0,0,train
1.0,0.0,0.0,1.0,0.0,-0.3873147401690687,0.40317923314672965,2.12566423480093,-0.9471421222756509,-0.09962127865965434,0.0,1.0,0.0,1,train
1.0,1.0,0.0,0.0,0.0,-0.5035576856054051,-0.14916351764279945,0.280691388261675,-0.9471421222756509,-0.03621157525103492,0.0,1.0,0.0,1,train
1.0,0.0,1.0,0.0,0.0,1.9794818353983883,2.1705374446413614,-0.6417950350079523,1.0052731744059933,-0.04741122116877766,2.0,1.0,1.0,1,train
1.0,1.0,0.0,0.0,1.0,-0.42327843219431405,-0.514549056768722,2.12566423480093,0.5754712835098709,-0.3855995327549536,0.0,0.0,1.0,0,train
1.0,0.0,0.0,1.0,0.0,-0.004224568879339746,0.026807555757940034,0.280691388261675,1.163954044328192,-0.18196075215166807,0.0,1.0,1.0,1,train
1.0,0.0,0.0,0.0,1.0,0.11685480820638702,0.42845945666931523,0.280691388261675,-0.9471421222756509,-0.07792526695285587,0.0,1.0,0.0,1,train
1.0,0.0,0.0,1.0,0.0,3.226930822541737,1.4055092573811037,0.280691388261675,-0.9471421222756509,-0.6573358312082852,1.0,1.0,0.0,0,train
0.0,0.0,0.0,1.0,0.0,1.1978350627979357,0.8365767843094309,0.280691388261675,-0.9471421222756509,-0.3419339828710819,1.0,1.0,0.0,0,train
0.0,0.0,0.0,1.0,0.0,-0.40091397122379907,-0.9360180229467153,0.280691388261675,-0.9471421222756509,-0.3507450106643038,1.0,1.0,0.0,0,train
0.0,0.0,1.0,0.0,1.0,0.3672708303002924,-0.019686251591508733,0.280691388261675,-0.9471421222756509,-0.32777018488289056,0.0,1.0,0.0,1,train
1.0,0.0,0.0,0.0,1.0,-0.42327843219431405,0.08718193611360721,0.280691388261675,-0.9471421222756509,0.030785715339491933,1.0,1.0,0.0,1,train
1.0,0.0,0.0,0.0,0.0,-0.3275180851507051,-1.7072925459397519,0.280691388261675,0.2467203430343619,-0.543731326109777,0.0,1.0,1.0,0,train
1.0,0.0,0.0,0.0,1.0,-0.8948664455101099,-0.8396954592247211,0.280691388261675,0.7033703723651541,-0.14407226467654494,1.0,1.0,1.0,1,train
0.0,0.0,0.0,1.0,0.0,-0.03466076167730614,0.2167744742757309,0.280691388261675,1.1184566611333178,-0.09683975961010906,0.0,1.0,1.0,1,train
1.0,0.0,0.0,0.0,0.0,0.761014925768073,0.7420061841690315,0.280691388261675,2.055966509090379,-0.22380199964705053,0.0,1.0,1.0,1,train
1.0,0.0,0.0,1.0,0.0,-0.27687893595269863,-0.1160088153135048,0.280691388261675,0.9546245681408346,-0.12411970712393644,0.0,1.0,1.0,1,train
1.0,0.0,0.0,1.0,0.0,-0.37650717324241145,0.11670642467340243,0.280691388261675,1.1039823279028977,0.020827037654881708,0.0,1.0,1.0,1,train
1.0,0.0,0.0,1.0,0.0,-1.2815233183194028,0.011428078235602254,0.280691388261675,-0.2116471770732669,0.5315951582035419,0.0,1.0,1.0,1,train
