dataset,feature,data_type,role,description
final_cleaned,gender,object,Analytical feature,Gender
final_cleaned,married,object,Analytical feature,Married
final_cleaned,dependents,object,Analytical feature,Dependents
final_cleaned,education,object,Analytical feature,Education
final_cleaned,self_employed,object,Analytical feature,Self Employed
final_cleaned,applicant_income,int64,Analytical feature,Applicant Income
final_cleaned,coapplicant_income,float64,Analytical feature,Coapplicant Income
final_cleaned,loan_amount,float64,Analytical feature,Loan Amount
final_cleaned,loan_amount_term,float64,Analytical feature,Loan Amount Term
final_cleaned,credit_history,float64,Analytical feature,Credit History
final_cleaned,property_area,object,Analytical feature,Property Area
final_cleaned,loan_status,object,Target,Original loan approval outcome: Y or N
final_cleaned,total_income,float64,Analytical feature,Applicant plus coapplicant monthly income
final_cleaned,loan_income_ratio,float64,Analytical feature,Original Week 2 ratio; retained for audit but not selected for modelling
final_cleaned,dependents_numeric,int64,Analytical feature,Dependents converted to a conservative numeric value
final_cleaned,family_size,int64,Analytical feature,Applicant plus spouse if married plus dependents
final_cleaned,family_size_group,category,Analytical feature,"Small, medium or large approximate household"
final_cleaned,income_band,category,Analytical feature,Fixed total-income segment
final_cleaned,has_coapplicant_income,int64,Analytical feature,1 when coapplicant income is greater than zero
final_cleaned,coapplicant_income_share,float64,Analytical feature,Coapplicant income divided by total income
final_cleaned,term_years,float64,Analytical feature,Loan repayment term expressed in years
final_cleaned,estimated_monthly_principal,float64,Analytical feature,Loan principal divided by term; excludes interest
final_cleaned,payment_income_ratio,float64,Analytical feature,Estimated monthly principal divided by household income
final_cleaned,credit_risk_category,object,Analytical feature,Readable category derived from credit history
final_cleaned,log_total_income,float64,Analytical feature,Natural log of one plus total income
final_cleaned,log_loan_amount,float64,Analytical feature,Natural log of one plus loan amount
ml_ready,married_Yes,float,Predictor,"Encoded, scaled or passthrough modelling feature produced by the training-fitted preprocessing pipeline"
ml_ready,education_Not Graduate,float,Predictor,"Encoded, scaled or passthrough modelling feature produced by the training-fitted preprocessing pipeline"
ml_ready,self_employed_Yes,float,Predictor,"Encoded, scaled or passthrough modelling feature produced by the training-fitted preprocessing pipeline"
ml_ready,property_area_Semiurban,float,Predictor,"Encoded, scaled or passthrough modelling feature produced by the training-fitted preprocessing pipeline"
ml_ready,property_area_Urban,float,Predictor,"Encoded, scaled or passthrough modelling feature produced by the training-fitted preprocessing pipeline"
ml_ready,log_total_income,float,Predictor,"Encoded, scaled or passthrough modelling feature produced by the training-fitted preprocessing pipeline"
ml_ready,log_loan_amount,float,Predictor,"Encoded, scaled or passthrough modelling feature produced by the training-fitted preprocessing pipeline"
ml_ready,term_years,float,Predictor,"Encoded, scaled or passthrough modelling feature produced by the training-fitted preprocessing pipeline"
ml_ready,coapplicant_income_share,float,Predictor,"Encoded, scaled or passthrough modelling feature produced by the training-fitted preprocessing pipeline"
ml_ready,payment_income_ratio,float,Predictor,"Encoded, scaled or passthrough modelling feature produced by the training-fitted preprocessing pipeline"
ml_ready,dependents_numeric,float,Predictor,"Encoded, scaled or passthrough modelling feature produced by the training-fitted preprocessing pipeline"
ml_ready,credit_history,float,Predictor,"Encoded, scaled or passthrough modelling feature produced by the training-fitted preprocessing pipeline"
ml_ready,has_coapplicant_income,float,Predictor,"Encoded, scaled or passthrough modelling feature produced by the training-fitted preprocessing pipeline"
ml_ready,approved,integer,Target,1 for approved and 0 for rejected
ml_ready,dataset_split,string,Metadata,Predetermined train or test partition; exclude from model inputs
